-- phpMyAdmin SQL Dump
-- version 4.8.5
-- https://www.phpmyadmin.net/
--
-- Host: tadeo.iad1-mysql-e2-18a.dreamhost.com
-- Generation Time: Nov 28, 2021 at 11:16 PM
-- Server version: 8.0.26-0ubuntu0.20.04.2
-- PHP Version: 7.1.22

SET SQL_MODE = "NO_AUTO_VALUE_ON_ZERO";
SET AUTOCOMMIT = 0;
START TRANSACTION;
SET time_zone = "+00:00";


/*!40101 SET @OLD_CHARACTER_SET_CLIENT=@@CHARACTER_SET_CLIENT */;
/*!40101 SET @OLD_CHARACTER_SET_RESULTS=@@CHARACTER_SET_RESULTS */;
/*!40101 SET @OLD_COLLATION_CONNECTION=@@COLLATION_CONNECTION */;
/*!40101 SET NAMES utf8mb4 */;

--
-- Database: `article_finder`
--

-- --------------------------------------------------------

--
-- Table structure for table `tblarticle`
--

CREATE TABLE `tblarticle` (
  `Artid` int NOT NULL,
  `Article` text NOT NULL,
  `Question` varchar(50) NOT NULL,
  `Geo` varchar(50) NOT NULL,
  `Keyword` text NOT NULL,
  `Search_vol` int NOT NULL,
  `Search_intent` varchar(50) NOT NULL,
  `Funnel` varchar(50) NOT NULL,
  `DateCreated` datetime NOT NULL DEFAULT CURRENT_TIMESTAMP
) ENGINE=InnoDB DEFAULT CHARSET=utf8mb4 COLLATE=utf8mb4_0900_ai_ci;

--
-- Dumping data for table `tblarticle`
--

INSERT INTO `tblarticle` (`Artid`, `Article`, `Question`, `Geo`, `Keyword`, `Search_vol`, `Search_intent`, `Funnel`) VALUES
(1, 'Alzheimers & Marijuana: A Patient Guide', '', '', 'alzheimers marijuana', 0, '', ''),
(2, 'Can Marijuana and CBD Help Your Pain?', '', '', 'marijuana pain treatment', 0, '', ''),
(3, 'Marijuana and the Treatment of Dementia', '', '', 'dementia marijuana', 0, '', ''),
(4, 'How to Get Your Medical Marijuana Delivered', 'y', 'y', 'marijuana delivered', 0, '', ''),
(5, 'A Quick & Easy Guide to Getting Medical Marijuana in Utah', '', 'y', 'marijuana delivered', 0, '', ''),
(6, 'How to Get a Medical Marijuana Card in Utah', 'y', 'y', 'marijuana delivered', 0, '', ''),
(7, 'What to Look For When Buying Medical Marijuana and CBD', '', '', 'buying marijuana', 0, '', ''),
(8, 'The Different Types of Medical Marijuana Explained', '', '', 'types of marijuana', 0, '', ''),
(9, 'CBD vs. THC: What\'s the Difference?', 'y', '', 'CBD vs THC', 0, '', ''),
(10, 'Can You Use Cannabis to Restore Your Natural Sleep Cycle', 'y', '', 'cannabis for sleep', 0, '', ''),
(11, 'Best Strain for Sleep', '', '', 'cannabis for sleep strains', 0, '', ''),
(12, 'Using Marijuana for Sleep: 9 Things You Should Know', '', '', 'cannabis for sleep', 0, '', ''),
(13, 'Sleep Disturbance in Heavy Marijuana Users', '', '', 'cannabis for sleep', 0, '', ''),
(14, 'Can Cannabis Help You Get A Good Night\'s Sleep?', 'y', '', 'cannabis for sleep', 0, '', ''),
(15, 'How Does Cannabis Affect the Stages of Your Sleep?', 'y', '', 'cannabis for sleep', 0, '', ''),
(16, 'Marijuana & (REM) Sleep - Does Weed Help Insomnia?', 'y', '', 'cannabis for sleep insomnia', 0, '', ''),
(17, 'Medical Marijuana\'s Effect on Sleep', '', '', 'cannabis for sleep', 0, '', ''),
(18, 'Wondering How To Sleep Without Weed?', 'y', '', 'cannabis for sleep', 0, '', ''),
(19, 'Does Marijuana Help Sleep and Sleep Apnea?', 'y', '', 'cannabis for sleep apnea', 0, '', ''),
(20, 'Cannabis for Sleep: How to Get a Full Night\'s Rest with Weed', '', '', 'cannabis for sleep', 0, '', ''),
(21, 'Why Does Weed Make You Sleepy?', 'y', '', 'cannabis for sleep', 0, '', ''),
(22, 'Weed may not ease sleep problems', '', '', 'cannabis for sleep', 0, '', ''),
(23, 'Can you use cannabis for sleeping?', 'y', '', 'cannabis for sleep', 0, '', ''),
(24, 'Marijuana use can affect sleep quality', '', '', 'cannabis for sleep quality', 0, '', ''),
(25, 'Can\'t Sleep? Try Putting Down the Marijuana', '', '', 'cannabis for sleep', 0, '', ''),
(26, 'Weed for sleep: Your guide to using cannabis for better rest', '', '', 'cannabis for sleep', 0, '', ''),
(27, 'Does Smoking Pot Help You Sleep?', 'y', '', 'cannabis for sleep', 0, '', ''),
(28, 'What You Need to Know About Cannabis and Sleep', '', '', 'cannabis for sleep', 0, '', ''),
(29, 'The 10 Best Weed Strains To Smoke For A Good Night\'s Sleep', '', '', 'cannabis for sleep strains', 0, '', ''),
(30, '10 Best THC Gummies for Sleep', '', '', 'cannabis for sleep gummies', 0, '', ''),
(31, '10 Natural Ways to Sleep Better', '', '', 'sleep better', 0, '', ''),
(32, 'The benefits of a good sleep', '', '', 'sleep benefits', 0, '', ''),
(33, 'What is sleep and how does it work?', 'y', '', 'what is sleep', 0, '', ''),
(34, 'The different types of sleep', '', '', 'types of sleep', 0, '', ''),
(35, 'General ways to improve sleep', '', '', 'improve sleep', 0, '', ''),
(36, 'Medical conditions and sleep problems', '', '', 'sleep problems', 0, '', ''),
(37, 'Insomnia - what is it and the different types', '', '', 'Insomnia', 0, '', ''),
(38, 'Insomnia - how it effects your mind and body', '', '', 'Insomnia', 0, '', ''),
(39, 'Insomnia treatment guide', '', '', 'Insomnia treatment', 0, '', ''),
(40, 'Snoring and sleep apnea', '', '', 'snoring apnea', 0, '', ''),
(41, 'Sleep disorders and medical marijuana treatments', '', '', 'sleep disorders', 0, '', ''),
(42, 'CBD gumies sleep tight', '', '', 'CBD sleep', 0, '', ''),
(43, 'Can CBD CBN THC help restore sleep cycles', '', '', 'sleep cycles cannabis', 0, '', ''),
(44, 'Treat sleep apnea with cannabis', '', '', 'sleep apnea cannabis', 0, '', ''),
(45, 'Lack of sleep can cause cancer', '', '', 'lack of sleep cancer', 0, '', ''),
(46, 'What is the best natural sleep aid?', 'y', '', 'natural sleep aid', 0, '', ''),
(47, '7 ways medical cannabis and CBD help treat depression and stress', '', '', 'cannabis depression stress', 0, '', ''),
(48, 'A patients guide for using medical marijuana for anxiety', '', '', 'guide cannabis anxiety', 0, '', ''),
(49, '5 ways marijuana affects sleep', '', '', 'marijuana affects sleep', 0, '', ''),
(50, 'nightmares and marijuana - treat nightmares with cannabis', '', '', 'cannabis dreams nightmares', 0, '', ''),
(51, '4 ways CBD can help relieve insomnia', '', '', 'CBD insomnia', 0, '', ''),
(52, 'A patients guide for using medical marijuana for depression', '', '', 'guide cannabis depressio', 0, '', ''),
(53, 'A patients guide for using medical marijuana for mood disorders', '', '', 'guide cannabis mood', 0, '', ''),
(54, 'Best THC Gummies:', '', '', 'THC gummies', 0, '', ''),
(55, 'Medical & Recreational Marijuana Edibles', '', '', 'Marijuana Edibles', 0, '', ''),
(56, 'Weed Infused THC/CBD Edibles', '', '', 'THC/CBD Edibles', 0, '', ''),
(57, 'What are cannabis edibles?', 'y', '', 'cannabis edibles', 0, '', ''),
(58, 'Culinary Cannabis', '', '', 'Culinary Cannabis', 0, '', ''),
(59, 'Cannabis Foods: Hamburgers, Cookies, Candy', '', '', 'Cannabis Foods', 0, '', ''),
(60, 'Eating Weed: Safety, Benefits, and Side Effects', '', '', 'eating weed', 0, '', ''),
(61, 'Cannabis Themed Restaurants', '', '', 'cannabis restaurants', 0, '', ''),
(62, 'Cannabis-Infused Snack Foods', '', '', 'cannabis snacks', 0, '', ''),
(63, 'Marijuana Recipes', '', '', 'Marijuana Recipes', 0, '', ''),
(64, 'Legal cannabis edibles and beverages', '', '', 'cannabis edibles', 0, '', ''),
(65, 'How To Cook Infused Foods with Weed', '', '', 'cooking with weed', 0, '', ''),
(66, 'How to Taste & Pair Food with Cannabis', '', '', 'food pairing weed', 0, '', ''),
(67, 'How to Make and Bake Weed Brownies', '', '', 'weed brownies', 0, '', ''),
(68, 'How to Make Weed Space Cakes', '', '', 'space cakes', 0, '', ''),
(69, 'Is CBD addictive?', 'y', '', 'CBD addictive', 0, '', ''),
(70, 'Pros and Cons of Eating Edibles', '', '', 'pros cons edibles', 0, '', ''),
(71, 'Cannabis Infused Baked Goods', '', '', 'cannabis baked food', 0, '', ''),
(72, 'Cannabis Beverages', '', '', 'Cannabis Beverages', 0, '', ''),
(73, 'Cannabis Drinks and Teas', '', '', 'Cannabis Drinks and Teas', 0, '', ''),
(74, 'The Rise of Cannabis Seltzer', '', '', 'cannabis seltzer', 0, '', ''),
(75, 'What are marijuana\'s effects?', 'y', '', 'marijuana effects', 0, '', ''),
(76, 'Acute and long-term effects of cannabis', '', '', 'marijuana effects', 0, '', ''),
(77, 'Smoking Marijuana', '', '', 'Smoking Marijuana', 0, '', ''),
(78, 'Effects of cannabis on visual function', '', '', 'cannabis effects visual function', 0, '', ''),
(79, 'Cannabis Effects on Driving Skills', '', '', 'cannabis effects driving', 0, '', ''),
(80, 'The Negative Health Effects of Marijuana', '', '', 'marijuana negative effects', 0, '', ''),
(81, 'Effects of marijuana men vs women', '', '', 'marijuana effects men vs women', 0, '', ''),
(82, 'Cannabis: Inhaling vs Ingesting', '', '', 'marijuana inhaling vs ingesting', 0, '', ''),
(83, 'How to buy weed online legally', '', 'y', 'buy weed online', 0, '', ''),
(84, 'Permits to sell weed', '', '', 'Cannabis permits', 0, '', ''),
(85, 'Weed NFTs', '', '', 'Weed NFTs', 0, '', ''),
(86, 'Get paid to smoke weed', '', '', 'Get paid to smoke weed', 0, '', ''),
(87, 'Studying cannabis in college', '', '', 'Weed college', 0, '', ''),
(88, 'Buying weed at a pharmacy', '', '', 'pharmacy cannabis', 0, '', ''),
(89, 'Where to buy weed near me', '', 'y', 'where to buy weed', 0, '', ''),
(90, 'Cannabis vaping', '', '', 'cannabis vaping', 0, '', ''),
(91, 'Is growing weed worth it?', 'y', '', 'growing weed', 0, '', ''),
(92, 'Weed slang', '', '', 'weed slang', 0, '', ''),
(93, 'Popular CEOs that smoke weed', '', '', 'ceos that smoke weed', 0, '', ''),
(94, 'How to grow cannabis', '', '', 'How to grow cannabis', 0, '', ''),
(95, 'How to mail cannabis', '', '', 'How to mail cannabis', 0, '', ''),
(96, 'Drink your weed, beverages', '', '', 'Cannabis Beverages', 0, '', ''),
(97, 'Cannabis events near you', '', '', 'Cannabis events', 0, '', ''),
(98, 'Seth Rogan and weed', '', '', 'Seth rogan weed', 0, '', ''),
(99, 'Weed smoking in young adults', '', '', 'weed young adults', 0, '', ''),
(100, 'Where does weed come from?', 'y', '', 'Where does weed come from?', 0, '', ''),
(101, 'Schizophrenia linked to marijuana use', '', '', 'marijuana schizophrenia', 0, '', ''),
(102, 'World Anti-Doping Agency to review cannabis', '', '', 'cannabis anti-doping', 0, '', ''),
(103, 'List of US cities around the world with legal marijuana', '', 'y', 'legal marijuana in US', 0, '', ''),
(104, 'List of cities around the world with legal marijuana', '', 'y', 'legal marijuana cities', 0, '', ''),
(105, 'US Congress Measure Allowing CBD Use By Military Service Members', '', '', 'military weed', 0, '', ''),
(106, 'Amazon backs marijuana legalization', '', '', 'marijuana amazon', 0, '', ''),
(107, 'Best climates to grow weed', '', '', 'Best climates to grow weed', 0, '', ''),
(108, 'Best Marijuana memes', '', '', 'Best Marijuana memes', 0, '', ''),
(109, 'Cannabis and the Olympics', '', '', 'cannabis olympics', 0, '', ''),
(110, 'Video games and weed use', '', '', 'weed + video games', 0, '', ''),
(111, 'Parents who smoke weed', '', '', 'Parents who smoke weed', 0, '', ''),
(112, 'CBD for pain management', '', '', 'CBD for pain', 0, '', ''),
(113, 'Weed use, vaccinations, and COVID-19', '', '', 'cannabis covid-19', 0, '', ''),
(114, 'Cannabis cupcakes', '', '', 'Cannabis cupcakes', 0, '', ''),
(115, 'Combounds in cannabis', '', '', 'Combounds in cannabis', 0, '', ''),
(116, 'Compounds In Cannabis Show Promise As A Treatment For Coronavirus Infections', '', '', 'cannabis covid-19', 0, '', ''),
(117, 'Cannabis and the brain', '', '', 'cannabis brain effects', 0, '', ''),
(118, 'Pharmacology and effects of cannabis', '', '', 'cannabis pharmacology', 0, '', ''),
(119, 'Psychiatric effects of cannabis', '', '', 'cannabis psychiatric effects', 0, '', ''),
(120, 'Cannabis effects on driving skills', '', '', 'cannabis driving effects', 0, '', ''),
(121, 'Cannabis and culture', '', '', 'cannabis culture', 0, '', ''),
(122, 'Cannabis and cognitive functioning', '', '', 'cannabis brain effects', 0, '', ''),
(123, 'Alternatives to cannabis', '', '', 'cannabis alternatives', 0, '', ''),
(124, 'Cannabis and anxiety', '', '', 'cannabis anxiety', 0, '', ''),
(125, 'Who is using cannabis as a medicine', 'y', '', 'cannabis medicine', 0, '', ''),
(126, 'Role of cannabis in cardiovascular disorders', '', '', 'cannabis cardiovascular disorders', 0, '', ''),
(127, 'Cannabis use and depression', '', '', 'cannabis depression', 0, '', ''),
(128, 'The epidemiology of cannabis dependence', '', '', 'cannabis dependence', 0, '', ''),
(129, 'The cannabis withdrawal syndrome', '', '', 'cannabis withdrawls', 0, '', ''),
(130, 'Cannabis dosing', '', '', 'cannabis dosing', 0, '', ''),
(131, 'Marijuana for pain: The best strains for chronic pain relief', '', '', 'cannabis strains pain relief', 0, '', ''),
(132, 'Medical Cannabis for Chronic Pain', '', '', 'cannabis pain relief', 0, '', ''),
(133, 'Marijuana for Arthritis Pain', '', '', 'cannabis arthritis', 0, '', ''),
(134, 'Is Cannabis Safe?', 'y', '', 'Is Cannabis Safe?', 0, '', ''),
(135, 'CBD vs. THC: What\'s the Difference?', '', '', 'CBD vs THC', 0, '', ''),
(136, 'THC vs. CBD for Pain Relief:', '', '', 'CBD vs THC pain relief', 0, '', ''),
(137, 'The Use of Marijuana for Anxiety', '', '', 'cannabis anxiety', 0, '', ''),
(138, 'Does Weed Make You Anxious or Relaxed?', 'y', '', 'cannabis anxiety', 0, '', ''),
(139, 'How to use cannabis for anxiety', '', '', 'cannabis anxiety', 0, '', ''),
(140, 'Is cannabis an effective treatment for anxiety disorders?', '', '', 'cannabis anxiety disorder', 0, '', ''),
(141, 'Cannabis & Marijuana Products', '', '', 'cannabis products', 0, '', ''),
(142, 'Recreational & Medical Marijuana Products', '', '', 'cannabis products', 0, '', ''),
(143, 'Dispensary near me', '', 'y', 'Dispensary near me', 0, '', ''),
(144, 'Marijuana Dispensaries', '', 'y', 'Marijuana Dispensaries', 0, '', ''),
(145, 'The Best Dispensary', '', 'y', 'The Best Dispensary', 0, '', ''),
(146, 'The Complete Guide to Buying Hemp Products', '', '', 'cannabis products', 0, '', ''),
(147, 'Hemp products clothing', '', '', 'Hemp products clothing', 0, '', ''),
(148, 'Why is hemp clothing so expensive', '', '', 'hemp clothing expensive', 0, '', ''),
(149, 'Types of hemp fabric', '', '', 'Types of hemp fabric', 0, '', ''),
(150, 'Best CBD Oil for Pain', '', '', 'Best CBD Oil for Pain', 0, '', ''),
(151, 'Using CBD Oil for Pain Management', '', '', 'CBD oil pain', 0, '', ''),
(152, 'CBD for Arthritis Pain', '', '', 'CBD for Arthritis Pain', 0, '', ''),
(153, 'What are the best CBD products for pain management', 'y', '', 'CBD products pain', 0, '', ''),
(154, 'Best CBD Gummies for Pain & Inflammation', '', '', 'CBD gummies pain', 0, '', ''),
(155, 'CBD for chronic pain', '', '', 'CBD pain', 0, '', ''),
(156, '10 Best CBD Creams for Pain', '', '', 'CBD pain cream', 0, '', ''),
(157, 'Should You Take CBD for Pain?', 'y', '', 'Should You Take CBD for Pain?', 0, '', ''),
(158, 'Why Doctors Don\'t Recommend Cannabis for Pain', '', '', 'Why Doctors Don\'t Recommend Cannabis for Pain', 0, '', ''),
(159, 'How To Use CBD Oil For Pain Relief', '', '', 'How To Use CBD Oil For Pain Relief', 0, '', ''),
(160, 'How Long Does CBD Take to Work?', 'y', '', 'How Long Does CBD Take to Work?', 0, '', ''),
(161, 'Does CBD oil get rid of joint pain?', 'y', '', 'Does CBD oil get rid of joint pain?', 0, '', ''),
(162, 'Is Cannabis a Better Option to Treat Nerve Pain?', '', '', 'Cannabis nerve pain', 0, '', ''),
(163, 'Finding the Best CBD:THC Ratios and Products for Pain', '', '', 'CBD THC ratio pain', 0, '', ''),
(164, 'The Golden Ratio of THC and CBD', '', '', 'CBD THC ratio', 0, '', ''),
(165, 'Navigating Cannabis Options for Pain', '', '', 'cannabis pain relief', 0, '', ''),
(166, 'Medical Marijuana for Back Pain', '', '', 'cannabis back pain', 0, '', ''),
(167, 'How Cannabis May Help with Lower Back Pain', '', '', 'cannabis back pain', 0, '', ''),
(168, 'Medical Marijuana for Joint Pain', '', '', 'cannabis joint pain', 0, '', ''),
(169, 'Medical Marijuana for Fibromyalgia', '', '', 'cannabis Fibromyalgia', 0, '', ''),
(170, 'Medical Marijuana for Neck Pain', '', '', 'cannabis neck pain', 0, '', ''),
(171, 'marijuana patches for pain', '', '', 'marijuanna patches', 0, '', ''),
(172, 'marijuana for pain control', '', '', 'marijuanna pain control', 0, '', ''),
(173, 'how to make cannabis tea for pain relief', 'y', '', 'how to make cannabis tea for pain relief', 0, '', ''),
(174, 'how to make cannabis lotion for pain', 'y', '', 'how to make cannabis lotion for pain', 0, '', ''),
(175, 'how to make cannabis oil for pain', 'y', '', 'how to make cannabis oil for pain', 0, '', ''),
(176, 'Best Weed Strains for Sex', '', '', 'Best Weed Strains for Sex', 0, '', ''),
(177, 'Best weed strains', '', '', 'Best weed strains', 0, '', ''),
(178, 'Marijuana Legalization and Regulation', '', '', 'Marijuana Legalization', 0, '', ''),
(179, 'The Economic Benefits of Legalizing Weed', '', '', 'marijuana legalization', 0, '', '');

-- --------------------------------------------------------

--
-- Table structure for table `tblarticle_new`
--

CREATE TABLE `tblarticle_new` (
  `Artid` int NOT NULL,
  `Catid` int NOT NULL,
  `Grpid` int NOT NULL,
  `Article` text NOT NULL,
  `Question` varchar(50) NOT NULL,
  `Geo` varchar(50) NOT NULL,
  `Keyword` text NOT NULL,
  `DateCreated` datetime NOT NULL DEFAULT CURRENT_TIMESTAMP
) ENGINE=InnoDB DEFAULT CHARSET=utf8mb4 COLLATE=utf8mb4_0900_ai_ci;

--
-- Dumping data for table `tblarticle_new`
--

INSERT INTO `tblarticle_new` (`Artid`, `Catid`, `Grpid`, `Article`, `Question`, `Geo`, `Keyword`) VALUES
(1, 1, 5, 'Pick the Right Charlotte\'s Web CBD Product for Your Dogs', '', '', ''),
(2, 1, 1, 'Charlotte\'s Web CBD Tincture', '', '', ''),
(3, 1, 2, 'How Charlotte\'s Web CBD Oil Gets From Farm to Bottle', '', '', ''),
(4, 1, 6, 'CBD Oil for Dogs: What You Need to Know', '', '', ''),
(5, 1, 6, 'Best CBD Oil for Dogs: Top 10 Brands & Buyer\'s Guide', '', '', ''),
(6, 1, 6, '5 Best CBD Oil for Dogs with Anxiety', '', '', ''),
(7, 1, 6, 'Best CBD Oil for Dogs ? Top Products', '', '', ''),
(8, 1, 6, 'Best CBD Oil for Dogs - Reduce Anxiety, Pain & Inflammation', '', '', ''),
(9, 1, 2, 'Hemp Supplements for Dogs: Oils, Chews & Sprays', '', '', ''),
(10, 1, 1, 'The Impact of Feeding Cannabidiol (CBD) Containing Treats', '', '', ''),
(11, 1, 5, 'It\'s raining cats and dogs', '', '', '');

-- --------------------------------------------------------

--
-- Table structure for table `tblcategory`
--

CREATE TABLE `tblcategory` (
  `Catid` int NOT NULL,
  `Category` varchar(100) NOT NULL,
  `DateCreated` datetime NOT NULL DEFAULT CURRENT_TIMESTAMP
) ENGINE=InnoDB DEFAULT CHARSET=utf8mb4 COLLATE=utf8mb4_0900_ai_ci;

--
-- Dumping data for table `tblcategory`
--

INSERT INTO `tblcategory` (`Catid`, `Category`) VALUES
(1, 'Cannabis'),
(2, 'Health');

-- --------------------------------------------------------

--
-- Table structure for table `tblkeyword`
--

CREATE TABLE `tblkeyword` (
  `Kwid` int NOT NULL,
  `Catid` int NOT NULL,
  `Grpid` int NOT NULL,
  `Keyword` varchar(250) NOT NULL,
  `Vol_Abrv (US)` varchar(100) NOT NULL,
  `Vol (US)` int NOT NULL,
  `DateCreated` datetime DEFAULT NULL
) ENGINE=InnoDB DEFAULT CHARSET=utf8mb4 COLLATE=utf8mb4_0900_ai_ci;

--
-- Dumping data for table `tblkeyword`
--

INSERT INTO `tblkeyword` (`Kwid`, `Catid`, `Grpid`, `Keyword`, `Vol_Abrv (US)`, `Vol (US)`, `DateCreated`) VALUES
(1, 1, 1, 'cbd', '501K', 501000, NULL),
(2, 1, 2, 'cbd oil', '452K', 452000, NULL),
(3, 1, 3, 'cbd gummies', '222K', 222000, NULL),
(4, 1, 4, 'cbd near me', '96K', 96000, NULL),
(5, 1, 1, 'charlotte\'s web cbd', '78K', 78000, NULL),
(6, 1, 5, 'cbd for dogs', '56K', 56000, NULL),
(7, 1, 6, 'cbd oil for dogs', '47K', 47000, NULL);

-- --------------------------------------------------------

--
-- Table structure for table `tblkwgrp`
--

CREATE TABLE `tblkwgrp` (
  `Grpid` int NOT NULL,
  `KW_grp` varchar(500) NOT NULL,
  `DateCreated` datetime NOT NULL DEFAULT CURRENT_TIMESTAMP
) ENGINE=InnoDB DEFAULT CHARSET=utf8mb4 COLLATE=utf8mb4_0900_ai_ci;

--
-- Dumping data for table `tblkwgrp`
--

INSERT INTO `tblkwgrp` (`Grpid`, `KW_grp`) VALUES
(1, 'CBD'),
(2, 'CBD,cbd oil'),
(3, 'CBD,gummies'),
(4, 'CBD,stores'),
(5, 'CBD,dogs'),
(6, 'CBD,dogs,cbd oil'),
(7, 'CBD,questions'),
(8, 'CBD,pain,cbd oil'),
(9, 'CBD,products'),
(10, 'CBD,stores');

-- --------------------------------------------------------

--
-- Table structure for table `tblstop_word`
--

CREATE TABLE `tblstop_word` (
  `Id` int NOT NULL,
  `Stop_word` varchar(50) NOT NULL
) ENGINE=InnoDB DEFAULT CHARSET=utf8mb4 COLLATE=utf8mb4_0900_ai_ci;

--
-- Dumping data for table `tblstop_word`
--

INSERT INTO `tblstop_word` (`Id`, `Stop_word`) VALUES
(544, 'a'),
(45, 'a\'s'),
(1, 'able'),
(2, 'about'),
(3, 'above'),
(4, 'according'),
(5, 'accordingly'),
(6, 'across'),
(7, 'actually'),
(8, 'after'),
(9, 'afterwards'),
(10, 'again'),
(11, 'against'),
(12, 'ain\'t'),
(13, 'all'),
(14, 'allow'),
(15, 'allows'),
(16, 'almost'),
(17, 'alone'),
(18, 'along'),
(19, 'already'),
(20, 'also'),
(21, 'although'),
(22, 'always'),
(23, 'am'),
(24, 'among'),
(25, 'amongst'),
(26, 'an'),
(27, 'and'),
(28, 'another'),
(29, 'any'),
(30, 'anybody'),
(31, 'anyhow'),
(32, 'anyone'),
(33, 'anything'),
(34, 'anyway'),
(35, 'anyways'),
(36, 'anywhere'),
(37, 'apart'),
(38, 'appear'),
(39, 'appreciate'),
(40, 'appropriate'),
(41, 'are'),
(42, 'aren\'t'),
(43, 'around'),
(44, 'as'),
(46, 'aside'),
(47, 'ask'),
(48, 'asking'),
(49, 'associated'),
(50, 'at'),
(51, 'available'),
(52, 'away'),
(53, 'awfully'),
(54, 'be'),
(55, 'became'),
(56, 'because'),
(57, 'become'),
(58, 'becomes'),
(59, 'becoming'),
(60, 'been'),
(61, 'before'),
(62, 'beforehand'),
(63, 'behind'),
(64, 'being'),
(65, 'believe'),
(66, 'below'),
(67, 'beside'),
(68, 'besides'),
(69, 'best'),
(70, 'better'),
(71, 'between'),
(72, 'beyond'),
(73, 'both'),
(74, 'brief'),
(75, 'but'),
(76, 'by'),
(88, 'c\'mon'),
(104, 'c\'s'),
(77, 'came'),
(78, 'can'),
(545, 'can'),
(81, 'can\'t'),
(79, 'cannot'),
(80, 'cant'),
(82, 'cause'),
(83, 'causes'),
(84, 'certain'),
(85, 'certainly'),
(86, 'changes'),
(87, 'clearly'),
(89, 'co'),
(90, 'com'),
(91, 'come'),
(92, 'comes'),
(93, 'concerning'),
(94, 'consequently'),
(95, 'consider'),
(96, 'considering'),
(97, 'contain'),
(98, 'containing'),
(99, 'contains'),
(100, 'corresponding'),
(101, 'could'),
(102, 'couldn\'t'),
(103, 'course'),
(105, 'currently'),
(106, 'definitely'),
(107, 'described'),
(108, 'despite'),
(109, 'did'),
(110, 'didn\'t'),
(111, 'different'),
(112, 'do'),
(113, 'does'),
(114, 'doesn\'t'),
(115, 'doing'),
(117, 'don\'t'),
(116, 'done'),
(118, 'down'),
(119, 'downwards'),
(120, 'during'),
(121, 'each'),
(122, 'edu'),
(123, 'eg'),
(124, 'eight'),
(125, 'either'),
(126, 'else'),
(127, 'elsewhere'),
(128, 'enough'),
(129, 'entirely'),
(130, 'especially'),
(131, 'et'),
(132, 'etc'),
(133, 'even'),
(134, 'ever'),
(135, 'every'),
(136, 'everybody'),
(137, 'everyone'),
(138, 'everything'),
(139, 'everywhere'),
(140, 'ex'),
(141, 'exactly'),
(142, 'example'),
(143, 'except'),
(144, 'far'),
(145, 'few'),
(146, 'fifth'),
(147, 'first'),
(148, 'five'),
(149, 'followed'),
(150, 'following'),
(151, 'follows'),
(152, 'for'),
(153, 'former'),
(154, 'formerly'),
(155, 'forth'),
(156, 'four'),
(157, 'from'),
(158, 'further'),
(159, 'furthermore'),
(160, 'get'),
(161, 'gets'),
(162, 'getting'),
(163, 'given'),
(164, 'gives'),
(165, 'go'),
(166, 'goes'),
(167, 'going'),
(168, 'gone'),
(169, 'got'),
(170, 'gotten'),
(171, 'greetings'),
(172, 'had'),
(173, 'hadn\'t'),
(174, 'happens'),
(175, 'hardly'),
(176, 'has'),
(177, 'hasn\'t'),
(178, 'have'),
(179, 'haven\'t'),
(180, 'having'),
(181, 'he'),
(194, 'he\'s'),
(182, 'hello'),
(183, 'help'),
(184, 'hence'),
(185, 'her'),
(186, 'here'),
(190, 'here\'s'),
(187, 'hereafter'),
(188, 'hereby'),
(189, 'herein'),
(191, 'hereupon'),
(192, 'hers'),
(193, 'herself'),
(195, 'hi'),
(196, 'him'),
(197, 'himself'),
(198, 'his'),
(199, 'hither'),
(200, 'hopefully'),
(201, 'how'),
(202, 'howbeit'),
(203, 'however'),
(204, 'i\'d'),
(208, 'i\'ll'),
(209, 'i\'m'),
(231, 'i\'ve'),
(205, 'ie'),
(206, 'if'),
(207, 'ignored'),
(210, 'immediate'),
(211, 'in'),
(212, 'inasmuch'),
(213, 'inc'),
(214, 'indeed'),
(215, 'indicate'),
(216, 'indicated'),
(217, 'indicates'),
(218, 'inner'),
(219, 'insofar'),
(220, 'instead'),
(221, 'into'),
(222, 'inward'),
(223, 'is'),
(224, 'isn\'t'),
(225, 'it'),
(226, 'it\'d'),
(227, 'it\'ll'),
(229, 'it\'s'),
(228, 'its'),
(230, 'itself'),
(232, 'just'),
(233, 'keep'),
(234, 'keeps'),
(235, 'kept'),
(236, 'know'),
(237, 'known'),
(238, 'knows'),
(239, 'last'),
(240, 'lately'),
(241, 'later'),
(242, 'latter'),
(243, 'latterly'),
(244, 'least'),
(245, 'less'),
(246, 'lest'),
(247, 'let'),
(248, 'let\'s'),
(249, 'like'),
(250, 'liked'),
(251, 'likely'),
(252, 'little'),
(253, 'look'),
(254, 'looking'),
(255, 'looks'),
(256, 'ltd'),
(257, 'mainly'),
(258, 'many'),
(259, 'may'),
(260, 'maybe'),
(261, 'me'),
(262, 'mean'),
(263, 'meanwhile'),
(264, 'merely'),
(265, 'might'),
(266, 'more'),
(267, 'moreover'),
(268, 'most'),
(269, 'mostly'),
(270, 'much'),
(271, 'must'),
(272, 'my'),
(273, 'myself'),
(274, 'name'),
(275, 'namely'),
(276, 'nd'),
(277, 'near'),
(278, 'nearly'),
(279, 'necessary'),
(280, 'need'),
(281, 'needs'),
(282, 'neither'),
(283, 'never'),
(284, 'nevertheless'),
(285, 'new'),
(286, 'next'),
(287, 'nine'),
(288, 'no'),
(289, 'nobody'),
(290, 'non'),
(291, 'none'),
(292, 'noone'),
(293, 'nor'),
(294, 'normally'),
(295, 'not'),
(296, 'nothing'),
(297, 'novel'),
(298, 'now'),
(299, 'nowhere'),
(300, 'obviously'),
(301, 'of'),
(302, 'off'),
(303, 'often'),
(304, 'oh'),
(305, 'ok'),
(306, 'okay'),
(307, 'old'),
(308, 'on'),
(309, 'once'),
(310, 'one'),
(311, 'ones'),
(312, 'only'),
(313, 'onto'),
(314, 'or'),
(315, 'other'),
(316, 'others'),
(317, 'otherwise'),
(318, 'ought'),
(319, 'our'),
(320, 'ours'),
(321, 'ourselves'),
(322, 'out'),
(323, 'outside'),
(324, 'over'),
(325, 'overall'),
(326, 'own'),
(327, 'particular'),
(328, 'particularly'),
(329, 'per'),
(330, 'perhaps'),
(331, 'placed'),
(332, 'please'),
(333, 'plus'),
(334, 'possible'),
(335, 'presumably'),
(336, 'probably'),
(337, 'provides'),
(338, 'que'),
(339, 'quite'),
(340, 'qv'),
(341, 'rather'),
(342, 'rd'),
(343, 're'),
(344, 'really'),
(345, 'reasonably'),
(346, 'regarding'),
(347, 'regardless'),
(348, 'regards'),
(349, 'relatively'),
(350, 'respectively'),
(351, 'right'),
(352, 'said'),
(353, 'same'),
(354, 'saw'),
(355, 'say'),
(356, 'saying'),
(357, 'says'),
(358, 'second'),
(359, 'secondly'),
(360, 'see'),
(361, 'seeing'),
(362, 'seem'),
(363, 'seemed'),
(364, 'seeming'),
(365, 'seems'),
(366, 'seen'),
(367, 'self'),
(368, 'selves'),
(369, 'sensible'),
(370, 'sent'),
(371, 'serious'),
(372, 'seriously'),
(373, 'seven'),
(374, 'several'),
(375, 'shall'),
(376, 'she'),
(377, 'should'),
(378, 'shouldn\'t'),
(379, 'since'),
(380, 'six'),
(381, 'so'),
(382, 'some'),
(383, 'somebody'),
(384, 'somehow'),
(385, 'someone'),
(386, 'something'),
(387, 'sometime'),
(388, 'sometimes'),
(389, 'somewhat'),
(390, 'somewhere'),
(391, 'soon'),
(392, 'sorry'),
(393, 'specified'),
(394, 'specify'),
(395, 'specifying'),
(396, 'still'),
(397, 'sub'),
(398, 'such'),
(399, 'sup'),
(400, 'sure'),
(457, 't\'s'),
(401, 'take'),
(402, 'taken'),
(403, 'tell'),
(404, 'tends'),
(405, 'th'),
(406, 'than'),
(407, 'thank'),
(408, 'thanks'),
(409, 'thanx'),
(410, 'that'),
(412, 'that\'s'),
(411, 'thats'),
(413, 'the'),
(414, 'their'),
(415, 'theirs'),
(416, 'them'),
(417, 'themselves'),
(418, 'then'),
(419, 'thence'),
(420, 'there'),
(426, 'there\'s'),
(421, 'thereafter'),
(422, 'thereby'),
(423, 'therefore'),
(424, 'therein'),
(425, 'theres'),
(427, 'thereupon'),
(428, 'these'),
(429, 'they'),
(430, 'they\'d'),
(431, 'they\'ll'),
(432, 'they\'re'),
(433, 'they\'ve'),
(434, 'think'),
(435, 'third'),
(436, 'this'),
(437, 'thorough'),
(438, 'thoroughly'),
(439, 'those'),
(440, 'though'),
(441, 'three'),
(442, 'through'),
(443, 'throughout'),
(444, 'thru'),
(445, 'thus'),
(446, 'to'),
(447, 'together'),
(448, 'too'),
(449, 'took'),
(450, 'toward'),
(451, 'towards'),
(452, 'tried'),
(453, 'tries'),
(454, 'truly'),
(455, 'try'),
(456, 'trying'),
(458, 'twice'),
(459, 'two'),
(460, 'un'),
(461, 'under'),
(462, 'unfortunately'),
(463, 'unless'),
(464, 'unlikely'),
(465, 'until'),
(466, 'unto'),
(467, 'up'),
(468, 'upon'),
(469, 'us'),
(470, 'use'),
(471, 'used'),
(472, 'useful'),
(546, 'users'),
(473, 'uses'),
(474, 'using'),
(475, 'usually'),
(476, 'value'),
(477, 'various'),
(478, 'very'),
(479, 'via'),
(480, 'viz'),
(481, 'vs'),
(482, 'want'),
(483, 'wants'),
(484, 'was'),
(485, 'wasn\'t'),
(486, 'way'),
(487, 'we'),
(488, 'we\'d'),
(491, 'we\'ll'),
(494, 'we\'re'),
(496, 'we\'ve'),
(489, 'welcome'),
(490, 'well'),
(492, 'went'),
(493, 'were'),
(495, 'weren\'t'),
(497, 'what'),
(499, 'what\'s'),
(498, 'whatever'),
(500, 'when'),
(501, 'whence'),
(502, 'whenever'),
(503, 'where'),
(508, 'where\'s'),
(504, 'whereafter'),
(505, 'whereas'),
(506, 'whereby'),
(507, 'wherein'),
(509, 'whereupon'),
(510, 'wherever'),
(511, 'whether'),
(512, 'which'),
(513, 'while'),
(514, 'whither'),
(515, 'who'),
(519, 'who\'s'),
(516, 'whoever'),
(517, 'whole'),
(518, 'whom'),
(520, 'whose'),
(521, 'why'),
(522, 'will'),
(523, 'willing'),
(524, 'wish'),
(525, 'with'),
(526, 'within'),
(527, 'without'),
(529, 'won\'t'),
(528, 'wonder'),
(530, 'would'),
(531, 'wouldn\'t'),
(532, 'yes'),
(533, 'yet'),
(534, 'you'),
(535, 'you\'d'),
(536, 'you\'ll'),
(538, 'you\'re'),
(542, 'you\'ve'),
(537, 'your'),
(539, 'yours'),
(540, 'yourself'),
(541, 'yourselves'),
(543, 'zero');

-- --------------------------------------------------------

--
-- Table structure for table `tbltag`
--

CREATE TABLE `tbltag` (
  `Tagid` int NOT NULL,
  `Artid` int NOT NULL,
  `Catid` int NOT NULL,
  `Tag` varchar(100) NOT NULL,
  `DateCreated` datetime NOT NULL DEFAULT CURRENT_TIMESTAMP
) ENGINE=InnoDB DEFAULT CHARSET=utf8mb4 COLLATE=utf8mb4_0900_ai_ci;

--
-- Dumping data for table `tbltag`
--

INSERT INTO `tbltag` (`Tagid`, `Artid`, `Catid`, `Tag`) VALUES
(1, 1, 1, 'Alzheimers'),
(2, 1, 1, 'Guides'),
(3, 1, 1, 'Marijuana'),
(4, 2, 1, 'Pain'),
(5, 2, 1, 'Questions'),
(6, 2, 1, 'Marijuana'),
(7, 3, 1, 'Dementia'),
(8, 3, 1, 'Treatment'),
(9, 3, 1, 'Marijuana'),
(10, 4, 1, 'Dispensary'),
(11, 4, 1, 'Questions'),
(12, 4, 1, 'Marijuana'),
(13, 5, 1, 'Dispensary'),
(14, 5, 1, 'Marijuana'),
(15, 6, 1, 'Dispensary'),
(16, 6, 1, 'Questions'),
(17, 6, 1, 'Marijuana'),
(18, 7, 1, 'Guides'),
(19, 8, 1, 'Types'),
(20, 9, 1, 'Questions'),
(21, 10, 1, 'Sleep'),
(22, 10, 1, 'Questions'),
(23, 11, 1, 'Sleep'),
(24, 11, 1, 'Strains'),
(25, 12, 1, 'Sleep'),
(26, 12, 1, 'Marijuana'),
(27, 13, 1, 'Sleep'),
(28, 13, 1, 'Marijuana'),
(29, 14, 1, 'Sleep'),
(30, 14, 1, 'Questions'),
(31, 15, 1, 'Sleep'),
(32, 15, 1, 'Questions'),
(33, 16, 1, 'Sleep'),
(34, 16, 1, 'Insomnia'),
(35, 16, 1, 'Questions'),
(36, 16, 1, 'Marijuana'),
(37, 17, 1, 'Sleep'),
(38, 17, 1, 'Marijuana'),
(39, 17, 1, 'Medical'),
(40, 17, 1, 'Side Effects'),
(41, 18, 1, 'Sleep'),
(42, 18, 1, 'Questions'),
(43, 19, 1, 'Sleep'),
(44, 19, 1, 'Apnea'),
(45, 19, 1, 'Questions'),
(46, 19, 1, 'Marijuana'),
(47, 20, 1, 'Sleep'),
(48, 21, 1, 'Sleep'),
(49, 21, 1, 'Questions'),
(50, 22, 1, 'Sleep'),
(51, 23, 1, 'Sleep'),
(52, 23, 1, 'Questions'),
(53, 24, 1, 'Sleep'),
(54, 24, 1, 'Marijuana'),
(55, 25, 1, 'Sleep'),
(56, 25, 1, 'Marijuana'),
(57, 26, 1, 'Sleep'),
(58, 27, 1, 'Sleep'),
(59, 27, 1, 'Questions'),
(60, 28, 1, 'Sleep'),
(61, 29, 1, 'Sleep'),
(62, 30, 1, 'Sleep'),
(63, 31, 2, 'Sleep'),
(64, 32, 2, 'Sleep'),
(65, 32, 2, 'Benefits'),
(66, 33, 2, 'Sleep'),
(67, 33, 2, 'Questions'),
(68, 34, 2, 'Sleep'),
(69, 34, 2, 'Types'),
(70, 35, 2, 'Sleep'),
(71, 36, 2, 'Sleep'),
(72, 37, 2, 'Sleep'),
(73, 37, 2, 'Insomnia'),
(74, 38, 2, 'Sleep'),
(75, 38, 2, 'Insomnia'),
(76, 39, 2, 'Sleep'),
(77, 39, 2, 'Insomnia'),
(78, 40, 2, 'Sleep'),
(79, 40, 2, 'Snoring'),
(80, 40, 2, 'Apnea'),
(81, 41, 1, 'Sleep'),
(82, 41, 1, 'Marijuana'),
(83, 42, 1, 'Sleep'),
(84, 42, 1, 'Gummies'),
(85, 43, 1, 'Sleep'),
(86, 43, 1, 'Questions'),
(87, 44, 1, 'Sleep'),
(88, 44, 1, 'Apnea'),
(89, 45, 2, 'Sleep'),
(90, 45, 2, 'Cancer'),
(91, 46, 2, 'Sleep'),
(92, 46, 2, 'Questions'),
(93, 47, 1, 'Depression'),
(94, 47, 1, 'Stress'),
(95, 47, 1, 'Questions'),
(96, 48, 1, 'Sleep'),
(97, 48, 1, 'Anxiety'),
(98, 48, 1, 'Guides'),
(99, 48, 1, 'Marijuana'),
(100, 49, 1, 'Sleep'),
(101, 49, 1, 'Marijuana'),
(102, 50, 1, 'Dreams'),
(103, 50, 1, 'Marijuana'),
(104, 51, 1, 'Sleep'),
(105, 51, 1, 'Insomnia'),
(106, 52, 1, 'Sleep'),
(107, 52, 1, 'Depression'),
(108, 52, 1, 'Guides'),
(109, 52, 1, 'Marijuana'),
(110, 52, 1, 'Medical'),
(111, 53, 1, 'Sleep'),
(112, 53, 1, 'Guides'),
(113, 53, 1, 'Marijuana'),
(114, 53, 1, 'Medical'),
(115, 54, 1, 'Gummies'),
(116, 55, 1, 'Edibles'),
(117, 55, 1, 'Marijuana'),
(118, 56, 1, 'Edibles'),
(119, 57, 1, 'Edibles'),
(120, 57, 1, 'Questions'),
(121, 58, 1, 'Food'),
(122, 59, 1, 'Food'),
(123, 60, 1, 'Food'),
(124, 60, 1, 'Weed'),
(125, 60, 1, 'Side Effects'),
(126, 61, 1, 'Food'),
(127, 62, 1, 'Food'),
(128, 63, 1, 'Food'),
(129, 63, 1, 'Marijuana'),
(130, 63, 1, 'Recipes'),
(131, 64, 1, 'Food'),
(132, 64, 1, 'Edibles'),
(133, 65, 1, 'Food'),
(134, 65, 1, 'Weed'),
(135, 66, 1, 'Food'),
(136, 67, 1, 'Food'),
(137, 67, 1, 'Weed'),
(138, 68, 1, 'Food'),
(139, 69, 1, 'Addiction'),
(140, 69, 1, 'Questions'),
(141, 70, 1, 'Edibles'),
(142, 71, 1, 'Food'),
(143, 72, 1, 'Food'),
(144, 73, 1, 'Food'),
(145, 74, 1, 'Food'),
(146, 75, 1, 'Questions'),
(147, 75, 1, 'Marijuana'),
(148, 75, 1, 'Side Effects'),
(149, 76, 1, 'Side Effects'),
(150, 77, 1, 'Side Effects'),
(151, 77, 1, 'Marijuana'),
(152, 78, 1, 'Side Effects'),
(153, 79, 1, 'Side Effects'),
(154, 80, 1, 'Side Effects'),
(155, 80, 1, 'Marijuana'),
(156, 81, 1, 'Side Effects'),
(157, 81, 1, 'Marijuana'),
(158, 82, 1, 'Side Effects'),
(159, 83, 1, 'Buying'),
(160, 83, 1, 'Questions'),
(161, 83, 1, 'Stores'),
(162, 84, 1, 'Selling'),
(163, 85, 1, 'NFTs'),
(164, 85, 1, 'Weed'),
(165, 86, 1, 'Weed'),
(166, 87, 1, 'College'),
(167, 88, 1, 'Weed'),
(168, 89, 1, 'Buying'),
(169, 89, 1, 'Stores'),
(170, 90, 1, 'Vape'),
(171, 91, 1, 'Growing'),
(172, 91, 1, 'Questions'),
(173, 91, 1, 'Weed'),
(174, 92, 1, 'Weed'),
(175, 93, 1, 'Weed'),
(176, 94, 1, 'Growing'),
(177, 94, 1, 'Questions'),
(178, 95, 1, 'Questions'),
(179, 96, 1, 'Food'),
(180, 96, 1, 'Weed'),
(181, 97, 1, 'Events'),
(182, 98, 1, 'Weed'),
(183, 99, 1, 'Weed'),
(184, 100, 1, 'Weed'),
(185, 100, 1, 'Questions'),
(186, 101, 1, 'Schizophrenia'),
(187, 101, 1, 'Marijuana'),
(188, 102, 1, 'Anti-Doping'),
(189, 103, 1, 'Buying'),
(190, 103, 1, 'Legalilzation'),
(191, 103, 1, 'Marijuana'),
(192, 103, 1, 'Stores'),
(193, 104, 1, 'Buying'),
(194, 104, 1, 'Legalilzation'),
(195, 104, 1, 'Marijuana'),
(196, 104, 1, 'Stores'),
(197, 105, 1, 'CBD'),
(198, 105, 1, 'Military'),
(199, 106, 1, 'Legalilzation'),
(200, 107, 1, 'Growing'),
(201, 107, 1, 'Weed'),
(202, 108, 1, 'Marijuana'),
(203, 109, 1, 'Olympics'),
(204, 110, 1, 'Video Games'),
(205, 110, 1, 'Weed'),
(206, 111, 1, 'Parents'),
(207, 111, 1, 'Weed'),
(208, 112, 1, 'CBD'),
(209, 112, 1, 'Pain'),
(210, 113, 1, 'Weed'),
(211, 113, 1, 'COVID-19'),
(212, 114, 1, 'Food'),
(213, 115, 1, 'Chemistry'),
(214, 116, 1, 'COVID-19'),
(215, 116, 1, 'Chemistry'),
(216, 117, 1, 'Side Effects'),
(217, 118, 1, 'Side Effects'),
(218, 119, 1, 'Side Effects'),
(219, 120, 1, 'Driving'),
(220, 121, 1, 'Culture'),
(221, 122, 1, 'Side Effects'),
(222, 123, 1, 'Alternatives'),
(223, 124, 1, 'Anxiety'),
(224, 125, 1, 'Medicine'),
(225, 125, 1, 'Questions'),
(226, 126, 1, 'Cardiovascular'),
(227, 126, 1, 'Disorders'),
(228, 127, 1, 'Depression'),
(229, 128, 1, 'Dependence'),
(230, 129, 1, 'Withdrawls'),
(231, 129, 1, 'Dependence'),
(232, 130, 1, 'Dosage'),
(233, 131, 1, 'Pain'),
(234, 131, 1, 'Marijuana'),
(235, 132, 1, 'Pain'),
(236, 133, 1, 'Pain'),
(237, 133, 1, 'Arthritis'),
(238, 133, 1, 'Marijuana'),
(239, 134, 1, 'Questions'),
(240, 135, 1, 'CBD'),
(241, 135, 1, 'THC'),
(242, 136, 1, 'THC'),
(243, 136, 1, 'CBD'),
(244, 136, 1, 'Pain'),
(245, 137, 1, 'Anxiety'),
(246, 137, 1, 'Marijuana'),
(247, 138, 1, 'Anxiety'),
(248, 138, 1, 'Questions'),
(249, 139, 1, 'Anxiety'),
(250, 139, 1, 'Questions'),
(251, 140, 1, 'Anxiety'),
(252, 140, 1, 'Disorders'),
(253, 140, 1, 'Questions'),
(254, 141, 1, 'Products'),
(255, 141, 1, 'Marijuana'),
(256, 142, 1, 'Products'),
(257, 142, 1, 'Marijuana'),
(258, 143, 1, 'Products'),
(259, 143, 1, 'Dispensaries'),
(260, 144, 1, 'Dispensaries'),
(261, 144, 1, 'Marijuana'),
(262, 145, 1, 'Dispensaries'),
(263, 146, 1, 'Products'),
(264, 147, 1, 'Products'),
(265, 148, 1, 'Products'),
(266, 148, 1, 'Clothing'),
(267, 149, 1, 'Types'),
(268, 149, 1, 'clothing'),
(269, 150, 1, 'CBD Oil'),
(270, 150, 1, 'Pain'),
(271, 151, 1, 'CBD Oil'),
(272, 151, 1, 'Pain'),
(273, 152, 1, 'CBD'),
(274, 152, 1, 'Arthritis'),
(275, 152, 1, 'Pain'),
(276, 153, 1, 'CBD'),
(277, 153, 1, 'Pain'),
(278, 153, 1, 'Questions'),
(279, 154, 1, 'Pain'),
(280, 154, 1, 'Gummies'),
(281, 155, 1, 'CBD'),
(282, 155, 1, 'Pain'),
(283, 156, 1, 'CBD'),
(284, 156, 1, 'Creams'),
(285, 156, 1, 'Pain'),
(286, 157, 1, 'CBD'),
(287, 157, 1, 'Pain'),
(288, 157, 1, 'Questions'),
(289, 158, 1, 'Pain'),
(290, 158, 1, 'Health'),
(291, 159, 1, 'CBD Oil'),
(292, 159, 1, 'Pain'),
(293, 160, 1, 'CBD'),
(294, 160, 1, 'Questions'),
(295, 161, 1, 'CBD Oil'),
(296, 161, 1, 'Pain'),
(297, 161, 1, 'Questions'),
(298, 162, 1, 'Pain'),
(299, 162, 1, 'Health'),
(300, 163, 1, 'CBD'),
(301, 163, 1, 'THC'),
(302, 163, 1, 'Pain'),
(303, 164, 1, 'THC'),
(304, 164, 1, 'CBD'),
(305, 165, 1, 'Pain'),
(306, 166, 1, 'Pain'),
(307, 166, 1, 'Back'),
(308, 166, 1, 'Marijuana'),
(309, 167, 1, 'Pain'),
(310, 167, 1, 'Back'),
(311, 168, 1, 'Pain'),
(312, 168, 1, 'Joints'),
(313, 168, 1, 'Marijuana'),
(314, 169, 1, 'Pain'),
(315, 169, 1, 'Fibromyalgia'),
(316, 169, 1, 'Marijuana'),
(317, 170, 1, 'Neck'),
(318, 170, 1, 'Pain'),
(319, 170, 1, 'Marijuana'),
(320, 171, 1, 'Pain'),
(321, 171, 1, 'Marijuana'),
(322, 172, 1, 'Pain'),
(323, 172, 1, 'Marijuana'),
(324, 173, 1, 'Pain'),
(325, 173, 1, 'Food'),
(326, 173, 1, 'Questions'),
(327, 174, 1, 'Pain'),
(328, 174, 1, 'Creams'),
(329, 174, 1, 'Questions'),
(330, 175, 1, 'CBD Oil'),
(331, 175, 1, 'Pain'),
(332, 175, 1, 'Questions'),
(333, 176, 1, 'Strains'),
(334, 176, 1, 'Sex'),
(335, 177, 1, 'Strains'),
(336, 178, 1, 'Legalilzation'),
(337, 178, 1, 'Marijuana'),
(338, 179, 1, 'Legalilzation'),
(339, 106, 1, 'Marijuana'),
(340, 55, 1, 'Medical');

--
-- Indexes for dumped tables
--

--
-- Indexes for table `tblarticle`
--
ALTER TABLE `tblarticle`
  ADD PRIMARY KEY (`Artid`);
ALTER TABLE `tblarticle` ADD FULLTEXT KEY `Article` (`Article`);

--
-- Indexes for table `tblarticle_new`
--
ALTER TABLE `tblarticle_new`
  ADD PRIMARY KEY (`Artid`);
ALTER TABLE `tblarticle_new` ADD FULLTEXT KEY `Article` (`Article`);

--
-- Indexes for table `tblcategory`
--
ALTER TABLE `tblcategory`
  ADD PRIMARY KEY (`Catid`);

--
-- Indexes for table `tblkeyword`
--
ALTER TABLE `tblkeyword`
  ADD PRIMARY KEY (`Kwid`);

--
-- Indexes for table `tblkwgrp`
--
ALTER TABLE `tblkwgrp`
  ADD PRIMARY KEY (`Grpid`);

--
-- Indexes for table `tblstop_word`
--
ALTER TABLE `tblstop_word`
  ADD PRIMARY KEY (`Id`),
  ADD KEY `Stop_word` (`Stop_word`);

--
-- Indexes for table `tbltag`
--
ALTER TABLE `tbltag`
  ADD PRIMARY KEY (`Tagid`),
  ADD KEY `Artid` (`Artid`),
  ADD KEY `Tag` (`Tag`),
  ADD KEY `Catid` (`Catid`);

--
-- AUTO_INCREMENT for dumped tables
--

--
-- AUTO_INCREMENT for table `tblarticle`
--
ALTER TABLE `tblarticle`
  MODIFY `Artid` int NOT NULL AUTO_INCREMENT, AUTO_INCREMENT=180;

--
-- AUTO_INCREMENT for table `tblarticle_new`
--
ALTER TABLE `tblarticle_new`
  MODIFY `Artid` int NOT NULL AUTO_INCREMENT, AUTO_INCREMENT=12;

--
-- AUTO_INCREMENT for table `tblcategory`
--
ALTER TABLE `tblcategory`
  MODIFY `Catid` int NOT NULL AUTO_INCREMENT, AUTO_INCREMENT=3;

--
-- AUTO_INCREMENT for table `tblkeyword`
--
ALTER TABLE `tblkeyword`
  MODIFY `Kwid` int NOT NULL AUTO_INCREMENT, AUTO_INCREMENT=8;

--
-- AUTO_INCREMENT for table `tblkwgrp`
--
ALTER TABLE `tblkwgrp`
  MODIFY `Grpid` int NOT NULL AUTO_INCREMENT, AUTO_INCREMENT=11;

--
-- AUTO_INCREMENT for table `tblstop_word`
--
ALTER TABLE `tblstop_word`
  MODIFY `Id` int NOT NULL AUTO_INCREMENT, AUTO_INCREMENT=547;

--
-- AUTO_INCREMENT for table `tbltag`
--
ALTER TABLE `tbltag`
  MODIFY `Tagid` int NOT NULL AUTO_INCREMENT, AUTO_INCREMENT=341;
COMMIT;

/*!40101 SET CHARACTER_SET_CLIENT=@OLD_CHARACTER_SET_CLIENT */;
/*!40101 SET CHARACTER_SET_RESULTS=@OLD_CHARACTER_SET_RESULTS */;
/*!40101 SET COLLATION_CONNECTION=@OLD_COLLATION_CONNECTION */;
